#Device-IP;TimeStamp;compressedIn;compressedOut;unCompressedIn;unCompressedOut;passthroughintermediatein;passthrough_other_out;passthroughoverloadin;passthroughoverloadout;passthroughpeerin;passthroughpeerout;passthroughpolicyin;passthroughpolicyout;frequency
56.40.82.15;2015-09-15 21:30:00;3280635;5982899;14716782;8921909;368718;1234;-1;-1;0;0;2029398;7567296;hour
56.40.82.15;2015-09-15 22:30:00;15276556;6720067;13198263;19800134;409271;1568;-1;-1;0;0;1634687;5220845;hour
56.40.82.15;2015-09-15 23:30:00;3439760;4174925;16532507;11722982;352946;1536;-1;-1;0;0;3062440;10887671;hour
56.40.82.15;2015-09-16 00:30:00;10933323;5826575;16291003;21394374;360787;1672;-1;-1;0;0;2570904;8070881;hour
56.40.82.15;2015-09-16 01:30:00;3436784;4561184;15077119;9074474;338834;1507;-1;-1;0;0;2469660;9055546;hour
56.40.82.15;2015-09-16 02:30:00;2769912;4379980;14220332;8554714;322228;1478;-1;-1;0;0;2393511;8469284;hour
56.40.82.15;2015-09-16 03:30:00;59233546;11152358;43361986;68568828;1122985;1889;-1;-1;0;0;3422305;22178215;hour
56.40.82.15;2015-09-16 04:30:00;3982440;5519958;87737625;17674308;752248;1407;-1;-1;0;0;7400470;59282133;hour
56.40.82.15;2015-09-16 05:30:00;2778999;4067044;19724771;8912405;505791;1665;-1;-1;0;0;2391621;13926808;hour
56.40.82.15;2015-09-16 06:30:00;1851269;2947547;11203908;5542022;287941;1646;-1;-1;0;0;1416176;7169304;hour
56.40.82.15;2015-09-16 07:30:00;1885888;2825837;8048187;5685503;301285;1883;-1;-1;0;0;1414395;4144198;hour
56.40.82.15;2015-09-16 08:30:00;2434840;2846081;7358790;6150545;307651;1335;-1;-1;0;0;1210545;3408874;hour
56.40.82.15;2015-09-16 09:30:00;2029366;2958564;17571330;6871583;385433;1527;-1;-1;0;0;1440336;8279086;hour
56.40.82.15;2015-09-16 10:30:00;2292132;3555671;23408630;8874917;372777;1466;-1;-1;0;0;1750887;12911027;hour
56.40.82.15;2015-09-16 11:30:00;2256513;3695806;21307004;7463809;448641;1931;-1;-1;0;0;1801345;11777128;hour
56.40.82.15;2015-09-16 12:30:00;6178905;4413350;36028131;14434470;479813;1967;-1;-1;0;0;3116117;28030501;hour
56.40.82.15;2015-09-16 13:30:00;4284709;4352089;23981156;14088146;523170;1741;-1;-1;0;0;2530519;13650084;hour
56.40.82.15;2015-09-16 14:30:00;2481623;4125326;10993219;8520534;611302;1280;-1;-1;0;0;2443553;5345839;hour
56.40.82.15;2015-09-16 15:30:00;3245118;5011353;12162435;8706911;540070;1477;-1;-1;0;0;1815548;6375511;hour
56.40.82.15;2015-09-16 16:30:00;3019075;4869427;15177052;9227204;669123;1470;-1;-1;0;0;2412461;9424733;hour
56.40.82.15;2015-09-16 17:30:00;2917351;4584391;11399979;8825407;574662;1321;-1;-1;0;0;2135491;5989945;hour
56.40.82.15;2015-09-16 18:30:00;3242749;5017062;27082986;10226222;481609;1734;-1;-1;0;0;3091765;21254530;hour
56.40.82.15;2015-09-16 19:30:00;7803590;5607283;31065446;20280368;556179;2242;-1;-1;0;0;3628137;22447108;hour
56.68.32.13;2015-09-15 21:30:00;35007919;29830715;188416617;146196738;5922663;6697;-1;-1;0;0;19722187;104285869;hour
56.68.32.13;2015-09-15 22:30:00;27231982;25987957;387119043;125153538;9739719;6858;-1;-1;0;0;27503190;243260318;hour
56.68.32.13;2015-09-15 23:30:00;40233027;23945331;207425980;128982884;9780175;7436;-1;-1;0;0;21977645;107104719;hour
56.68.32.13;2015-09-16 00:30:00;28140836;23681368;230389641;110639955;10872776;9066;-1;-1;0;0;22255863;135812845;hour
56.68.32.13;2015-09-16 01:30:00;28885988;23615911;239137046;160522326;33365791;10641;-1;-1;0;0;49470031;161138684;hour
56.68.32.13;2015-09-16 02:30:00;31848409;22211084;131204763;128608353;5758409;6262;-1;-1;0;0;18661403;75720893;hour
56.68.32.13;2015-09-16 03:30:00;21566760;21274566;184468452;71509072;7377977;8503;-1;-1;0;0;20061326;108008182;hour
56.68.32.13;2015-09-16 04:30:00;22667766;21095727;108653126;69473959;3535400;4334;-1;-1;0;0;13578379;60935181;hour
56.68.32.13;2015-09-16 05:30:00;21087271;20594320;133675783;72403367;7393000;5112;-1;-1;0;0;16583298;68445193;hour
56.68.32.13;2015-09-16 06:30:00;21066007;20205336;212957458;70899919;4565794;4743;-1;-1;0;0;15269699;127647840;hour
56.68.32.13;2015-09-16 07:30:00;27481091;90887009;270118941;88218366;8098336;6301;-1;-1;0;0;16966409;100787624;hour
56.68.32.13;2015-09-16 08:30:00;21407609;21038524;242841149;85203543;5764939;5034;-1;-1;0;0;17250697;149766060;hour
56.68.32.13;2015-09-16 09:30:00;27247709;142009629;538142427;76983996;7691126;4957;-1;-1;0;0;20922318;270246529;hour
56.68.32.13;2015-09-16 10:30:00;20247668;20314810;232212629;73537418;5984668;4611;-1;-1;0;0;19465585;151676164;hour
56.68.32.13;2015-09-16 11:30:00;20900567;20178856;392277273;78940078;11618023;9591;-1;-1;0;0;21637463;214328442;hour
56.68.32.13;2015-09-16 12:30:00;18934992;18504210;355475861;66150868;5987071;4932;-1;-1;0;0;16278212;214950492;hour
56.68.32.13;2015-09-16 13:30:00;23397545;19392245;133912532;102964422;4767826;5163;-1;-1;0;0;14477942;73607820;hour
56.68.32.13;2015-09-16 14:30:00;21221660;19226956;345479900;112388368;14099135;9896;-1;-1;0;0;25604597;187478285;hour
56.68.32.13;2015-09-16 15:30:00;22054367;20536683;170349436;96286048;3252316;4827;-1;-1;0;0;16837628;98850333;hour
56.68.32.13;2015-09-16 16:30:00;23916376;23034420;176571780;83532173;2770608;5309;-1;-1;0;0;18484570;99184544;hour
56.68.32.13;2015-09-16 17:30:00;32008698;64622923;302272319;157939223;28911375;7003;-1;-1;0;0;45658765;158309331;hour
56.68.32.13;2015-09-16 18:30:00;28327725;24069964;194199788;98378322;8460870;8520;-1;-1;0;0;23743119;112717245;hour
56.68.32.13;2015-09-16 19:30:00;47972538;26173763;230176630;150939176;11870612;8443;-1;-1;0;0;24454720;126430581;hour
56.72.172.12;2015-09-15 21:30:00;4325446;4143724;84254578;29536370;4723170;4069;-1;-1;0;0;9485089;48028481;hour
56.72.172.12;2015-09-15 22:30:00;2328061;2815802;32895970;15204698;1953976;2349;-1;-1;0;0;6572316;22164003;hour
56.72.172.12;2015-09-15 23:30:00;42891677;5299046;133283881;78601771;4081571;4717;-1;-1;0;0;13477794;84967633;hour
56.72.172.12;2015-09-16 00:30:00;5033968;3357604;135710477;53160975;3204947;3283;-1;-1;0;0;10889600;92955277;hour
56.72.172.12;2015-09-16 01:30:00;3054782;3203767;37598195;18761704;2289805;2816;-1;-1;0;0;6925188;22572690;hour
56.72.172.12;2015-09-16 02:30:00;2460625;3288445;22884771;12211724;955308;2202;-1;-1;0;0;5313076;14147718;hour
56.72.172.12;2015-09-16 03:30:00;2483591;3224276;15875355;9873150;490793;1545;-1;-1;0;0;4046776;10601759;hour
56.72.172.12;2015-09-16 04:30:00;2178487;2838153;9396114;7950826;417631;1254;-1;-1;0;0;2252617;5483479;hour
56.72.172.12;2015-09-16 05:30:00;2008615;2405725;10448770;7355197;498126;1410;-1;-1;0;0;2352295;7169602;hour
56.72.172.12;2015-09-16 06:30:00;1779457;2473918;8783131;8700486;396887;1159;-1;-1;0;0;2124477;5101408;hour
56.72.172.12;2015-09-16 07:30:00;1791991;2469322;11183091;9395987;371994;1472;-1;-1;0;0;2459555;7517909;hour
56.72.172.12;2015-09-16 08:30:00;1760657;2441058;17734165;9591449;517818;1336;-1;-1;0;0;2608100;12007789;hour
56.72.172.12;2015-09-16 09:30:00;1868332;2612517;29235690;9468203;960897;1543;-1;-1;0;0;3204178;17851784;hour
56.72.172.12;2015-09-16 10:30:00;2004774;2818144;36451402;9338774;784602;1325;-1;-1;0;0;3166250;25697011;hour
56.72.172.12;2015-09-16 11:30:00;1802707;2582848;26338003;8641805;928718;1476;-1;-1;0;0;2794419;15434739;hour
56.72.172.12;2015-09-16 12:30:00;2015597;2432935;21835125;7615340;806813;1264;-1;-1;0;0;2324654;11793981;hour
56.72.172.12;2015-09-16 13:30:00;2394177;2951288;28625664;9677364;630692;1512;-1;-1;0;0;3230782;20764526;hour
56.72.172.12;2015-09-16 14:30:00;2109151;2811963;17102055;10811368;515127;1720;-1;-1;0;0;4742168;11776256;hour
56.72.172.12;2015-09-16 15:30:00;3877705;3468023;55210707;26707703;3623031;6456;-1;-1;0;0;8712880;36848761;hour
56.72.172.12;2015-09-16 16:30:00;11030148;5111093;79803049;54356670;875196;1941;-1;-1;0;0;9518389;70009502;hour
56.72.172.12;2015-09-16 17:30:00;3769054;4217611;93610492;23370663;2687979;3446;-1;-1;0;0;8392975;58274256;hour
56.72.172.12;2015-09-16 18:30:00;6091877;5639959;63642370;30332387;3264888;3301;-1;-1;0;0;9318294;36351208;hour
56.72.172.12;2015-09-16 19:30:00;5359384;3926373;148240742;35593362;1694838;2984;-1;-1;0;0;11717206;123194571;hour
56.74.16.8;2015-09-15 21:30:00;30264615;32912847;664185892;110913588;10115849;10198;-1;-1;0;0;24250175;147184598;hour
56.74.16.8;2015-09-15 22:30:00;52641955;29132798;449575596;136543654;15606547;9287;-1;-1;0;0;29949558;232883759;hour
56.74.16.8;2015-09-15 23:30:00;73689016;29307995;447366642;238510233;21557772;13828;-1;-1;0;0;36747630;232256196;hour
56.74.16.8;2015-09-16 00:30:00;38744780;28852845;201648935;231197093;19631953;5285;-1;-1;0;0;33967023;102081775;hour
56.74.16.8;2015-09-16 01:30:00;36882006;27302058;222736927;166231238;40559123;6431;-1;-1;0;0;54438635;123663903;hour
56.74.16.8;2015-09-16 02:30:00;14999844;24832297;136369717;53851306;6750781;5111;-1;-1;0;0;17098197;83823024;hour
56.74.16.8;2015-09-16 03:30:00;10894226;16628173;55799711;33274246;2332660;1712;-1;-1;0;0;7030582;27030194;hour
56.74.16.8;2015-09-16 04:30:00;11022447;16206685;92709234;35542079;2239562;1750;-1;-1;0;0;8349950;61362376;hour
56.74.16.8;2015-09-16 05:30:00;9656600;14890834;40595730;28815549;2092754;1822;-1;-1;0;0;6309194;16684158;hour
56.74.16.8;2015-09-16 06:30:00;9182562;14502703;33263628;28842802;1932580;1401;-1;-1;0;0;5062569;9588650;hour
56.74.16.8;2015-09-16 07:30:00;21831939;261019701;295121605;36797746;1678134;1384;-1;-1;0;0;5816976;18679515;hour
56.74.16.8;2015-09-16 08:30:00;14120235;109556887;162162439;34841666;1741499;1409;-1;-1;0;0;6509934;46026953;hour
56.74.16.8;2015-09-16 09:30:00;9740446;14937673;95059033;34076129;1485032;1353;-1;-1;0;0;8082031;70030088;hour
56.74.16.8;2015-09-16 10:30:00;10036192;15421889;98571658;39866264;1785693;2817;-1;-1;0;0;8417419;72079135;hour
56.74.16.8;2015-09-16 11:30:00;9682141;15084409;63921356;31596484;1930892;2090;-1;-1;0;0;6848491;39057872;hour
56.74.16.8;2015-09-16 12:30:00;9535513;15152380;76058513;31310334;1995594;1611;-1;-1;0;0;7185974;52169825;hour
56.74.16.8;2015-09-16 13:30:00;9550303;14999992;66542588;29258035;2062099;2188;-1;-1;0;0;7036377;40990074;hour
56.74.16.8;2015-09-16 14:30:00;9371758;14918465;46808829;28182273;1953636;1313;-1;-1;0;0;5840451;20777304;hour
56.74.16.8;2015-09-16 15:30:00;10179892;16056872;59430583;31768385;2280467;2498;-1;-1;0;0;8175396;32950492;hour
56.74.16.8;2015-09-16 16:30:00;13919386;17651797;144639697;52396052;3444557;3827;-1;-1;0;0;16196178;106008432;hour
56.74.16.8;2015-09-16 17:30:00;42623307;65038836;541840952;171991953;9469163;8138;-1;-1;0;0;41875263;353348066;hour
56.74.16.8;2015-09-16 18:30:00;154959921;65757161;427182421;341580009;7960650;8481;-1;-1;0;0;43558808;266859579;hour
56.74.16.8;2015-09-16 19:30:00;31076058;30296629;389125618;213336395;16359821;11829;-1;-1;0;0;34302003;208309209;hour
56.80.101.7;2015-09-15 21:30:00;2023686;2880330;36705209;6285938;618281;1791;-1;-1;0;0;1133779;13311144;hour
56.80.101.7;2015-09-15 22:30:00;1782217;2011889;26158557;8088349;626886;1486;-1;-1;0;0;2418021;19598170;hour
56.80.101.7;2015-09-15 23:30:00;956828;1609953;10818585;2808602;352535;906;-1;-1;0;0;789963;6422631;hour
56.80.101.7;2015-09-16 00:30:00;1152022;1512997;8537122;4217231;337858;1050;-1;-1;0;0;1002183;4160036;hour
56.80.101.7;2015-09-16 01:30:00;1163465;1561009;35025502;7664013;2331095;3169;-1;-1;0;0;2629292;17534863;hour
56.80.101.7;2015-09-16 02:30:00;1571615;1709117;11491537;5868421;290572;1187;-1;-1;0;0;1057672;6823647;hour
56.80.101.7;2015-09-16 03:30:00;840785;1601276;5707604;2552040;176554;450;-1;-1;0;0;552554;2895052;hour
56.80.101.7;2015-09-16 04:30:00;396404;1077842;2732580;832550;94802;636;-1;-1;0;0;174398;940750;hour
56.80.101.7;2015-09-16 05:30:00;411763;1080096;2844041;1038505;95650;395;-1;-1;0;0;222604;1032181;hour
56.80.101.7;2015-09-16 06:30:00;377287;1057450;4357723;1000440;92190;471;-1;-1;0;0;375834;2611057;hour
56.80.101.7;2015-09-16 07:30:00;725976;1089721;2957755;1679267;90732;524;-1;-1;0;0;191999;972663;hour
56.80.101.7;2015-09-16 08:30:00;360205;1029759;2931510;819669;93046;477;-1;-1;0;0;198564;1194575;hour
56.80.101.7;2015-09-16 09:30:00;441355;1150381;8390308;1178373;96629;576;-1;-1;0;0;347873;5746655;hour
56.80.101.7;2015-09-16 10:30:00;3910178;1332471;6040509;4593563;96235;521;-1;-1;0;0;288295;3968899;hour
56.80.101.7;2015-09-16 11:30:00;527602;1157333;6050273;1256507;94003;586;-1;-1;0;0;342004;4104555;hour
56.80.101.7;2015-09-16 12:30:00;399297;1088971;3225670;1020214;91682;423;-1;-1;0;0;242482;1345252;hour
56.80.101.7;2015-09-16 13:30:00;352660;1018440;9716916;913180;95273;570;-1;-1;0;0;308855;7997312;hour
56.80.101.7;2015-09-16 14:30:00;403220;1092274;4621698;1232135;95561;446;-1;-1;0;0;458290;2798646;hour
56.80.101.7;2015-09-16 15:30:00;364986;1031882;2584098;758740;90340;585;-1;-1;0;0;143831;863487;hour
56.80.101.7;2015-09-16 16:30:00;384090;1063000;2892677;975996;96607;566;-1;-1;0;0;237888;1073656;hour
56.80.101.7;2015-09-16 17:30:00;399027;1092932;3462698;975792;91133;536;-1;-1;0;0;213151;1687184;hour
56.80.101.7;2015-09-16 18:30:00;2957070;3508514;24026881;10001784;170572;2319;-1;-1;0;0;1854825;16801743;hour
56.80.101.7;2015-09-16 19:30:00;2525033;3074063;13909654;8172560;355161;1025;-1;-1;0;0;1027797;5420020;hour
56.97.4.236;2015-09-15 21:30:00;127680863;203904878;428264672;316753367;11402261;96711;-1;-1;0;0;38927249;161205808;hour
56.97.4.236;2015-09-15 22:30:00;119282432;55220893;215152551;273685658;17946566;97245;-1;-1;0;0;38064739;93797874;hour
56.97.4.236;2015-09-15 23:30:00;209436943;59978208;291695854;369102954;14888509;92647;-1;-1;0;0;38014345;142370801;hour
56.97.4.236;2015-09-16 00:30:00;116473815;49761938;232141686;229163128;17030563;99747;-1;-1;0;0;35530107;108623658;hour
56.97.4.236;2015-09-16 01:30:00;151988767;51887178;328081195;286587348;15390145;118605;-1;-1;0;0;43886747;175380298;hour
56.97.4.236;2015-09-16 02:30:00;92983594;43908716;206374850;280297164;15624339;70811;-1;-1;0;0;36825224;101388345;hour
56.97.4.236;2015-09-16 03:30:00;60021162;41406215;348460518;230469211;17452096;90256;-1;-1;0;0;36451079;169156219;hour
56.97.4.236;2015-09-16 04:30:00;53649218;42057076;211725940;180141408;11509075;95157;-1;-1;0;0;32492959;98927213;hour
56.97.4.236;2015-09-16 05:30:00;48088949;40136478;244284600;163022609;14548756;101652;-1;-1;0;0;38289772;140373309;hour
56.97.4.236;2015-09-16 06:30:00;87023591;38579075;355732665;186374790;15670642;113886;-1;-1;0;0;36211724;190389247;hour
56.97.4.236;2015-09-16 07:30:00;34199177;35071448;293401720;147781070;16223655;87488;-1;-1;0;0;37203512;181924615;hour
56.97.4.236;2015-09-16 08:30:00;42683720;34383984;313670212;162872805;17836356;93988;-1;-1;0;0;38508799;198745444;hour
56.97.4.236;2015-09-16 09:30:00;46982519;412910020;798229405;170547020;12175785;83545;-1;-1;0;0;46596213;378762553;hour
56.97.4.236;2015-09-16 10:30:00;95791619;592197156;828400878;220955437;13827615;76356;-1;-1;0;0;38446192;203058607;hour
56.97.4.236;2015-09-16 11:30:00;164886689;42280945;875454868;395411139;27349729;78949;-1;-1;0;0;51275488;500892785;hour
56.97.4.236;2015-09-16 12:30:00;72501038;40030534;634921003;206760998;16425706;94354;-1;-1;0;0;38168181;360526987;hour
56.97.4.236;2015-09-16 13:30:00;75465588;39913590;345722926;215518221;14658053;103255;-1;-1;0;0;39511740;207556624;hour
56.97.4.236;2015-09-16 14:30:00;71985909;38943048;237985493;198069785;15637978;83246;-1;-1;0;0;33204066;118922902;hour
56.97.4.236;2015-09-16 15:30:00;74045940;39824681;179402705;186147568;11547550;86371;-1;-1;0;0;32940364;97650337;hour
56.97.4.236;2015-09-16 16:30:00;67548135;38857542;1200403059;359675365;21012989;72895;-1;-1;0;0;49059329;667174473;hour
56.97.4.236;2015-09-16 17:30:00;174070728;50552639;325339104;327259511;13195858;86950;-1;-1;0;0;42956399;193654219;hour
56.97.4.236;2015-09-16 18:30:00;269325011;58182938;438128538;452205027;15286348;76153;-1;-1;0;0;41882627;253140852;hour
56.97.4.236;2015-09-16 19:30:00;162350642;65678301;791927379;393695561;18281261;80266;-1;-1;0;0;41015974;410658637;hour
56.107.37.11;2015-09-15 21:30:00;252346506;30158909;272380155;323047604;4518635;3988;-1;-1;0;0;19805092;183734419;hour
56.107.37.11;2015-09-15 22:30:00;33642165;91048695;232776900;95989518;3719791;5585;-1;-1;0;0;22392234;105925358;hour
56.107.37.11;2015-09-15 23:30:00;26068741;60592267;138594458;83908743;3971568;4950;-1;-1;0;0;17238076;57876551;hour
56.107.37.11;2015-09-16 00:30:00;75189706;23080522;121178127;143785704;3341144;4952;-1;-1;0;0;19701053;79558801;hour
56.107.37.11;2015-09-16 01:30:00;68921504;17916233;204245918;142832699;6955520;7653;-1;-1;0;0;21050779;138527611;hour
56.107.37.11;2015-09-16 02:30:00;56716971;13703117;93857687;116577645;4965752;5288;-1;-1;0;0;17240246;63173758;hour
56.107.37.11;2015-09-16 03:30:00;45916315;15522919;63019409;90828109;2325303;4011;-1;-1;0;0;12184877;41935030;hour
56.107.37.11;2015-09-16 04:30:00;13606269;12488615;104559463;65162339;2493014;4602;-1;-1;0;0;14545644;86247414;hour
56.107.37.11;2015-09-16 05:30:00;42410973;14484495;71127264;84343301;2847029;3787;-1;-1;0;0;12244036;47615600;hour
56.107.37.11;2015-09-16 06:30:00;29115304;13093237;59529019;73964999;2289272;4430;-1;-1;0;0;11280580;40899492;hour
56.107.37.11;2015-09-16 07:30:00;13196274;11272364;51361687;46188843;2231222;3005;-1;-1;0;0;9369652;34922260;hour
56.107.37.11;2015-09-16 08:30:00;25602267;388205968;442221162;61192713;1959338;3419;-1;-1;0;0;13491143;109285753;hour
56.107.37.11;2015-09-16 09:30:00;9598320;11967486;191269279;49968192;1777011;2857;-1;-1;0;0;14877093;172760028;hour
56.107.37.11;2015-09-16 10:30:00;15557676;13586533;235903111;73245495;6557226;4648;-1;-1;0;0;18961012;197858351;hour
56.107.37.11;2015-09-16 11:30:00;14679630;22144230;303633819;112813786;4319794;3621;-1;-1;0;0;16527825;233999942;hour
56.107.37.11;2015-09-16 12:30:00;19135533;12374712;130402956;67097110;2765462;2982;-1;-1;0;0;13000780;107257900;hour
56.107.37.11;2015-09-16 13:30:00;11502717;12055295;101393243;57160762;2103369;3257;-1;-1;0;0;11976873;82862765;hour
56.107.37.11;2015-09-16 14:30:00;9783218;11230685;77364005;53923703;1906187;2642;-1;-1;0;0;12097128;59377902;hour
56.107.37.11;2015-09-16 15:30:00;21043512;13796503;73988238;69567340;2241916;3598;-1;-1;0;0;13844038;53538579;hour
56.107.37.11;2015-09-16 16:30:00;55506472;16646003;150085650;121931712;6215647;4111;-1;-1;0;0;22749540;109009434;hour
56.107.37.11;2015-09-16 17:30:00;33868216;17619207;282358026;112733781;6657446;4997;-1;-1;0;0;24419758;181183726;hour
56.107.37.11;2015-09-16 18:30:00;38994883;106714135;471805087;104748562;3254518;4721;-1;-1;0;0;19590108;126174614;hour
56.107.37.11;2015-09-16 19:30:00;44461984;18391732;95660224;94616657;3234682;3247;-1;-1;0;0;15318264;55286803;hour
56.112.63.10;2015-09-15 21:30:00;10622699;9146519;41505918;31115686;1703493;2733;-1;-1;0;0;8260574;29313221;hour
56.112.63.10;2015-09-15 22:30:00;16375572;9308706;39908601;48047879;1981507;2664;-1;-1;0;0;8952518;26468185;hour
56.112.63.10;2015-09-15 23:30:00;6162428;8960490;45608614;24036799;2374234;3300;-1;-1;0;0;9629647;33433902;hour
56.112.63.10;2015-09-16 00:30:00;10996096;9659998;36687418;31874791;2282456;2364;-1;-1;0;0;9872816;24287997;hour
56.112.63.10;2015-09-16 01:30:00;9861863;9887494;50633242;34006125;1809044;3090;-1;-1;0;0;8605933;33973526;hour
56.112.63.10;2015-09-16 02:30:00;11746214;9247636;35997090;31048639;1568779;2126;-1;-1;0;0;7124200;24405591;hour
56.112.63.10;2015-09-16 03:30:00;6432829;9220348;41104092;20227522;1460109;2263;-1;-1;0;0;7621203;30408046;hour
56.112.63.10;2015-09-16 04:30:00;7462242;9402178;52549757;24539497;3608607;2592;-1;-1;0;0;7454342;28680722;hour
56.112.63.10;2015-09-16 05:30:00;4786642;7338780;31606610;19764367;1710119;2254;-1;-1;0;0;9847763;23532778;hour
56.112.63.10;2015-09-16 06:30:00;4190428;6147568;16476338;13815235;1606594;739;-1;-1;0;0;4247793;9771041;hour
56.112.63.10;2015-09-16 07:30:00;4020711;6189757;22843471;13049339;1595995;733;-1;-1;0;0;4471138;16273491;hour
56.112.63.10;2015-09-16 08:30:00;4168490;6471976;28381833;14661575;1685749;712;-1;-1;0;0;4940124;21445563;hour
56.112.63.10;2015-09-16 09:30:00;4685439;6695358;34275861;14768740;1618534;926;-1;-1;0;0;4245912;25576653;hour
56.112.63.10;2015-09-16 10:30:00;4585881;7134937;52221068;16936722;1427006;2509;-1;-1;0;0;5485473;43993589;hour
56.112.63.10;2015-09-16 11:30:00;4304159;6854797;32073264;14255588;1381411;1448;-1;-1;0;0;4461470;24507020;hour
56.112.63.10;2015-09-16 12:30:00;7509711;6947158;42527419;19535052;1580528;1286;-1;-1;0;0;5113099;34316936;hour
56.112.63.10;2015-09-16 13:30:00;4372429;7398580;30503427;14314283;1475194;1602;-1;-1;0;0;4593815;22417987;hour
56.112.63.10;2015-09-16 14:30:00;4415161;7364337;23022796;16650506;1528974;1289;-1;-1;0;0;4026114;13086243;hour
56.112.63.10;2015-09-16 15:30:00;5770416;8015416;34506351;19827834;1513365;1381;-1;-1;0;0;5565780;25243936;hour
56.112.63.10;2015-09-16 16:30:00;7289479;8196003;34690585;24169248;1844411;2015;-1;-1;0;0;8136676;24225339;hour
56.112.63.10;2015-09-16 17:30:00;5748351;8584856;27338125;20089770;1374903;1957;-1;-1;0;0;7236872;17727934;hour
56.112.63.10;2015-09-16 18:30:00;9129769;8276777;60738202;32322054;1477961;1697;-1;-1;0;0;8839057;50970943;hour
56.112.63.10;2015-09-16 19:30:00;7065746;8864492;56654019;29399026;2498120;2438;-1;-1;0;0;8542992;35264844;hour
56.146.67.10;2015-09-15 21:30:00;26009164;6881490;103863746;56001756;4281731;2403;-1;-1;0;0;16651863;85087743;hour
56.146.67.10;2015-09-15 22:30:00;23530936;9285279;113001624;58275204;6903859;2047;-1;-1;0;0;15661696;86799022;hour
56.146.67.10;2015-09-15 23:30:00;46398385;8984432;83935325;72955977;6159159;3828;-1;-1;0;0;12570145;41805842;hour
56.146.67.10;2015-09-16 00:30:00;43941326;10537589;105048115;133568324;9767039;2302;-1;-1;0;0;19280353;51993620;hour
56.146.67.10;2015-09-16 01:30:00;15896780;7672626;130696272;81602457;24662347;1909;-1;-1;0;0;34348461;110305527;hour
56.146.67.10;2015-09-16 02:30:00;11946344;6273872;43577220;53847773;13730069;1549;-1;-1;0;0;19802915;26116223;hour
56.146.67.10;2015-09-16 03:30:00;6241194;6000498;34903654;32332277;6506745;1406;-1;-1;0;0;11473034;19892613;hour
56.146.67.10;2015-09-16 04:30:00;5809268;5484157;14700350;15551934;395372;1305;-1;-1;0;0;3254830;7769095;hour
56.146.67.10;2015-09-16 05:30:00;4895175;5433781;18045852;14053220;509261;1343;-1;-1;0;0;3638505;11352732;hour
56.146.67.10;2015-09-16 06:30:00;9086945;5284635;15594662;21678510;484977;1297;-1;-1;0;0;2919697;8664834;hour
56.146.67.10;2015-09-16 07:30:00;15443115;66131910;134931900;42617980;2454152;2749;-1;-1;0;0;7255600;55482119;hour
56.146.67.10;2015-09-16 08:30:00;8536772;5476486;84753824;26962216;1950976;2605;-1;-1;0;0;5393921;53729532;hour
56.146.67.10;2015-09-16 09:30:00;18929725;219490279;298806983;342514570;152734383;3465;-1;-1;0;0;157205818;75780647;hour
56.146.67.10;2015-09-16 10:30:00;21386115;26144357;61335616;42165654;5055135;1718;-1;-1;0;0;9050643;31435447;hour
56.146.67.10;2015-09-16 11:30:00;38739276;8311766;43177338;52684880;605267;1585;-1;-1;0;0;3820412;31961256;hour
56.146.67.10;2015-09-16 12:30:00;11567459;6182685;18669396;26660723;532803;1345;-1;-1;0;0;3685105;10098889;hour
56.146.67.10;2015-09-16 13:30:00;47095894;8827583;38929086;63382443;422423;1554;-1;-1;0;0;4535062;27853945;hour
56.146.67.10;2015-09-16 14:30:00;44349924;11399749;44345662;63957610;994978;1928;-1;-1;0;0;4517002;21873564;hour
56.146.67.10;2015-09-16 15:30:00;110757001;15177512;67476525;129221713;3288266;3253;-1;-1;0;0;7602160;32793557;hour
56.146.67.10;2015-09-16 16:30:00;30794527;8396120;47586667;46476814;360279;1508;-1;-1;0;0;6370638;37136842;hour
56.146.67.10;2015-09-16 17:30:00;21617383;9258125;67565476;40438692;914335;2046;-1;-1;0;0;7112590;50826136;hour
56.146.67.10;2015-09-16 18:30:00;23522650;9115808;71934722;44735078;988331;1466;-1;-1;0;0;6666199;49194389;hour
56.146.67.10;2015-09-16 19:30:00;19328292;8016810;41132696;75845296;1011921;2265;-1;-1;0;0;8025467;25964227;hour
56.155.10.38;2015-09-15 21:30:00;247767969;81863865;955844145;813574546;30636918;22213;-1;-1;0;0;87655618;569363884;hour
56.155.10.38;2015-09-15 22:30:00;156044486;72260658;860474006;401393596;26518812;24058;-1;-1;0;0;90323174;541121747;hour
56.155.10.38;2015-09-15 23:30:00;139269382;91495210;746833126;465292466;35964752;26083;-1;-1;0;0;79644665;372509189;hour
56.155.10.38;2015-09-16 00:30:00;585055501;85925200;906587617;819535648;30914688;24600;-1;-1;0;0;78585426;498891408;hour
56.155.10.38;2015-09-16 01:30:00;352533526;84622698;994819796;663317402;38132268;28897;-1;-1;0;0;92405187;530263689;hour
56.155.10.38;2015-09-16 02:30:00;256382077;80135192;968544108;519636073;34796828;24583;-1;-1;0;0;89475007;545567357;hour
56.155.10.38;2015-09-16 03:30:00;89896464;69845172;741108587;293180702;28862971;21504;-1;-1;0;0;77043028;392364320;hour
56.155.10.38;2015-09-16 04:30:00;89426197;59579023;951944666;285646647;16980880;13414;-1;-1;0;0;54811953;528721210;hour
56.155.10.38;2015-09-16 05:30:00;42129928;56526381;374302243;326926318;10931879;11080;-1;-1;0;0;40341534;166824609;hour
56.155.10.38;2015-09-16 06:30:00;35134030;55281459;366272094;138074475;5725403;10978;-1;-1;0;0;41680100;186190047;hour
56.155.10.38;2015-09-16 07:30:00;36222362;54582304;404877516;135293038;8456501;10050;-1;-1;0;0;32995946;183291855;hour
56.155.10.38;2015-09-16 08:30:00;85117082;63189349;429268898;194974746;5870373;10140;-1;-1;0;0;33722734;231154466;hour
56.155.10.38;2015-09-16 09:30:00;43418426;56006632;600116327;160662176;9535436;12050;-1;-1;0;0;40735533;342465955;hour
56.155.10.38;2015-09-16 10:30:00;89991806;54929584;654628592;293382525;8881150;10518;-1;-1;0;0;43398114;409810618;hour
56.155.10.38;2015-09-16 11:30:00;45591631;54650770;737649160;159238740;11823746;15353;-1;-1;0;0;50191212;482122091;hour
56.155.10.38;2015-09-16 12:30:00;40032112;55333914;491820354;121620282;10014243;11135;-1;-1;0;0;34875776;254273549;hour
56.155.10.38;2015-09-16 13:30:00;37362020;54759869;418018225;133950150;9747324;10908;-1;-1;0;0;34516472;210031647;hour
56.155.10.38;2015-09-16 14:30:00;52063197;57125555;449610211;149404600;8970669;13489;-1;-1;0;0;40637554;242285565;hour
56.155.10.38;2015-09-16 15:30:00;51077664;57574811;355394429;141212200;8605862;9247;-1;-1;0;0;33916444;151890857;hour
56.155.10.38;2015-09-16 16:30:00;91074831;64295930;380570400;223110103;6340425;11836;-1;-1;0;0;49238572;214012343;hour
56.155.10.38;2015-09-16 17:30:00;136126641;68121897;471549700;357826544;5843001;12685;-1;-1;0;0;55727396;291050606;hour
56.155.10.38;2015-09-16 18:30:00;128402573;73947697;708087417;292782756;13866392;19496;-1;-1;0;0;63396132;419324302;hour
56.155.10.38;2015-09-16 19:30:00;130030905;80111197;1162059795;501918372;21289640;19144;-1;-1;0;0;85095695;691522012;hour
56.160.16.96;2015-09-15 21:30:00;2296414201;7285504145;13345225788;5187471830;91767850;95836;-1;-1;0;0;250633730;2362620832;hour
56.160.16.96;2015-09-15 22:30:00;1711026126;670507157;4162557573;3627877043;199135491;109201;-1;-1;0;0;359448138;2180792400;hour
56.160.16.96;2015-09-15 23:30:00;2142873975;479736882;4975665566;4007150601;174787261;120401;-1;-1;0;0;323492646;2786955289;hour
56.160.16.96;2015-09-16 00:30:00;2512285802;852087434;4875625699;4362526472;97686859;86404;-1;-1;0;0;249688315;2621294804;hour
56.160.16.96;2015-09-16 01:30:00;1903763628;926616076;4790265368;3440281228;126485470;95582;-1;-1;0;0;278147520;2359871027;hour
56.160.16.96;2015-09-16 02:30:00;1223498353;306617013;3464182883;2731344969;95504132;98933;-1;-1;0;0;243458585;1941645689;hour
56.160.16.96;2015-09-16 03:30:00;1207365666;312888423;2457615932;2585761112;86920166;80037;-1;-1;0;0;196752831;1399057948;hour
56.160.16.96;2015-09-16 04:30:00;394346083;162496098;1616780152;1216933476;58652282;75357;-1;-1;0;0;129741044;899019692;hour
56.160.16.96;2015-09-16 05:30:00;183039296;138189612;1816072253;725708393;33189447;57067;-1;-1;0;0;102514491;1117598078;hour
56.160.16.96;2015-09-16 06:30:00;146189262;105620385;1132799794;584691358;20289356;51933;-1;-1;0;0;94006127;842788634;hour
56.160.16.96;2015-09-16 07:30:00;146858865;104478081;2310875539;1897026143;35109394;46501;-1;-1;0;0;107651433;1561681357;hour
56.160.16.96;2015-09-16 08:30:00;133140311;111068281;3768926261;792518506;56327447;63437;-1;-1;0;0;121304548;2269931121;hour
56.160.16.96;2015-09-16 09:30:00;154235401;145900466;1423234224;730233125;27625426;44723;-1;-1;0;0;96183829;921183843;hour
56.160.16.96;2015-09-16 10:30:00;174716334;133538172;3056758944;1323779599;35981219;51812;-1;-1;0;0;142780710;2120366877;hour
56.160.16.96;2015-09-16 11:30:00;166730696;138702418;1968901381;1725883259;175552901;56612;-1;-1;0;0;277922735;1366754540;hour
56.160.16.96;2015-09-16 12:30:00;152635249;99657748;1362395507;1348279280;36932469;47317;-1;-1;0;0;103675558;890025936;hour
56.160.16.96;2015-09-16 13:30:00;174646299;104037761;1259093765;1319175053;27924160;44245;-1;-1;0;0;95810758;789244209;hour
56.160.16.96;2015-09-16 14:30:00;177228214;119857092;1900388735;1298665845;30403653;50214;-1;-1;0;0;97017927;1157829136;hour
56.160.16.96;2015-09-16 15:30:00;147077920;104486938;625972273;1305963715;20972051;48986;-1;-1;0;0;82183670;301319553;hour
56.160.16.96;2015-09-16 16:30:00;214244378;111375166;1884795627;1410719380;27253243;55011;-1;-1;0;0;99723959;1161186850;hour
56.160.16.96;2015-09-16 17:30:00;603153780;162381814;2262783166;2249662563;52192732;69662;-1;-1;0;0;152517421;1292433842;hour
56.160.16.96;2015-09-16 18:30:00;140725581;226068566;3688706250;1684181435;64295442;94974;-1;-1;0;0;418535427;2813056867;hour
56.160.16.96;2015-09-16 19:30:00;1582637418;460464420;5313702708;3723622650;126475093;120900;-1;-1;0;0;322151613;3283085193;hour
56.160.16.97;2015-09-15 21:30:00;451263453;468830002;2511779117;1914945994;92422287;101715;-1;-1;0;0;368952544;1582124408;hour
56.160.16.97;2015-09-15 22:30:00;1267442727;520792537;2250727091;2752881229;113868647;127517;-1;-1;0;0;230225561;996900521;hour
56.160.16.97;2015-09-15 23:30:00;1132652976;364439162;2406507942;2578387208;86443653;108388;-1;-1;0;0;184942311;1187733113;hour
56.160.16.97;2015-09-16 00:30:00;2163193548;620652791;2435553379;3834822525;106859541;122690;-1;-1;0;0;216221390;1051035593;hour
56.160.16.97;2015-09-16 01:30:00;1745552085;725510564;2835588802;3648410278;159462775;119316;-1;-1;0;0;281558415;1068572887;hour
56.160.16.97;2015-09-16 02:30:00;924469234;323488246;1782763238;2884141354;204129565;102639;-1;-1;0;0;377369615;879897439;hour
56.160.16.97;2015-09-16 03:30:00;379248258;436234957;1863351774;1403154657;106568006;86469;-1;-1;0;0;192886896;834644977;hour
56.160.16.97;2015-09-16 04:30:00;263689940;185094768;764907948;965438179;65686708;67628;-1;-1;0;0;117994073;329379473;hour
56.160.16.97;2015-09-16 05:30:00;162621429;148320776;520086056;573440578;41421922;64800;-1;-1;0;0;97864262;253859443;hour
56.160.16.97;2015-09-16 06:30:00;181501476;145788269;675366720;1014442685;35553151;64680;-1;-1;0;0;85676696;332705822;hour
56.160.16.97;2015-09-16 07:30:00;226265709;1794822376;3542205503;3330046857;45334556;66941;-1;-1;0;0;96838246;872907744;hour
56.160.16.97;2015-09-16 08:30:00;229421720;1142450552;3424019005;895688568;61247430;70046;-1;-1;0;0;105581504;1177154562;hour
56.160.16.97;2015-09-16 09:30:00;206768183;1055486608;1530799180;526773486;22499077;57683;-1;-1;0;0;66022466;297802176;hour
56.160.16.97;2015-09-16 10:30:00;192460406;762580245;1827785820;1159174398;27185052;70150;-1;-1;0;0;107211005;839897965;hour
56.160.16.97;2015-09-16 11:30:00;160054559;325533649;1344002646;1205112018;35381026;68574;-1;-1;0;0;98591796;762274434;hour
56.160.16.97;2015-09-16 12:30:00;175852014;156692541;700067788;1170726235;42333333;67722;-1;-1;0;0;89497798;346997331;hour
56.160.16.97;2015-09-16 13:30:00;141713166;135778287;1146019723;1143948478;39450781;58383;-1;-1;0;0;87023499;643639093;hour
56.160.16.97;2015-09-16 14:30:00;155285528;132227288;620966728;1093817967;33260991;70555;-1;-1;0;0;73023123;284433850;hour
56.160.16.97;2015-09-16 15:30:00;140646438;125898234;419252519;1316816981;128869674;58523;-1;-1;0;0;184988233;174866576;hour
56.160.16.97;2015-09-16 16:30:00;227657711;136808737;604691494;1230632269;45564556;60472;-1;-1;0;0;93806145;292374594;hour
56.160.16.97;2015-09-16 17:30:00;315520706;176735714;921280371;1575513867;99125011;71398;-1;-1;0;0;199120257;524539314;hour
56.160.16.97;2015-09-16 18:30:00;1035927054;846896821;3055439063;2888902349;162764991;91550;-1;-1;0;0;368229596;1293671333;hour
56.160.16.97;2015-09-16 19:30:00;1961932541;581598863;2894011143;4077849381;235444113;97941;-1;-1;0;0;415361621;1410748968;hour
56.160.16.98;2015-09-15 21:30:00;1129812585;202660431;2265655563;2318264320;274656834;117776;-1;-1;0;0;380824162;1507135933;hour
56.160.16.98;2015-09-15 22:30:00;1789647184;324515633;4791555353;2749110486;102326332;115317;-1;-1;0;0;230557354;3227516101;hour
56.160.16.98;2015-09-15 23:30:00;929783939;181834742;1638203014;1814584639;110799769;119285;-1;-1;0;0;201240783;888325595;hour
56.160.16.98;2015-09-16 00:30:00;1841261003;529168999;2008786054;2976793049;84060666;114098;-1;-1;0;0;189810168;929139593;hour
56.160.16.98;2015-09-16 01:30:00;1451626293;302806799;2318286097;2720718853;66465078;84624;-1;-1;0;0;176354912;1466670533;hour
56.160.16.98;2015-09-16 02:30:00;1237369724;220834796;1579043945;1820038070;61063772;88627;-1;-1;0;0;148173143;892138484;hour
56.160.16.98;2015-09-16 03:30:00;611769090;141119579;2048312542;1652943331;40413204;84790;-1;-1;0;0;491596699;1337910719;hour
56.160.16.98;2015-09-16 04:30:00;140305637;55038238;892369363;511389253;22842092;55606;-1;-1;0;0;202934323;567825631;hour
56.160.16.98;2015-09-16 05:30:00;66376057;42734515;352558702;255107116;18694953;49746;-1;-1;0;0;57648445;201979912;hour
56.160.16.98;2015-09-16 06:30:00;100591154;43520847;570143220;226014559;16940420;53471;-1;-1;0;0;56634625;357958212;hour
56.160.16.98;2015-09-16 07:30:00;50752593;91189763;1224821044;1739464688;25479543;56192;-1;-1;0;0;64210506;690210192;hour
56.160.16.98;2015-09-16 08:30:00;31144546;98445728;1937578797;259716940;39683279;60008;-1;-1;0;0;73754534;1006503286;hour
56.160.16.98;2015-09-16 09:30:00;30446505;98475254;936214065;147135674;14125068;52611;-1;-1;0;0;60584439;761513070;hour
56.160.16.98;2015-09-16 10:30:00;144575255;56715077;1124317242;705752815;21352993;61010;-1;-1;0;0;79954206;770779792;hour
56.160.16.98;2015-09-16 11:30:00;47124076;47139773;809014279;656623312;17561516;59267;-1;-1;0;0;66567689;580251727;hour
56.160.16.98;2015-09-16 12:30:00;56922838;46323028;816985729;603189941;34146056;62347;-1;-1;0;0;75610345;496432052;hour
56.160.16.98;2015-09-16 13:30:00;46074203;45684472;524323123;548827269;17855349;56525;-1;-1;0;0;54527502;317477329;hour
56.160.16.98;2015-09-16 14:30:00;124166765;48489160;716643888;692420444;18667237;50750;-1;-1;0;0;56832490;410000293;hour
56.160.16.98;2015-09-16 15:30:00;63225681;48346836;407665687;553315137;13685700;47956;-1;-1;0;0;50127485;222048421;hour
56.160.16.98;2015-09-16 16:30:00;63028165;51792346;448797962;657211346;50343935;66416;-1;-1;0;0;93978991;267843520;hour
56.160.16.98;2015-09-16 17:30:00;181801965;73240738;871819637;1144774837;133272076;97560;-1;-1;0;0;188852289;519233898;hour
56.160.16.98;2015-09-16 18:30:00;903729816;159250065;1935017570;2214049591;267088970;114225;-1;-1;0;0;394417080;1244415342;hour
56.160.16.98;2015-09-16 19:30:00;1012179127;271091122;1883788683;2189047133;113531556;100887;-1;-1;0;0;220810085;1077015595;hour
56.180.51.172;2015-09-15 21:30:00;1142609036;112974672;1628123587;1692899641;45918755;35189;-1;-1;0;0;96932919;923680323;hour
56.180.51.172;2015-09-15 22:30:00;774953896;113223137;998212571;1187826375;33482310;28843;-1;-1;0;0;76327578;492681949;hour
56.180.51.172;2015-09-15 23:30:00;306385018;88031752;917721918;639915722;23403646;29390;-1;-1;0;0;79182400;500792481;hour
56.180.51.172;2015-09-16 00:30:00;357906129;118978223;1226913039;642548705;22249955;25561;-1;-1;0;0;69563502;623629965;hour
56.180.51.172;2015-09-16 01:30:00;470892723;99249179;1850547348;912558636;42613696;35011;-1;-1;0;0;94784495;960890352;hour
56.180.51.172;2015-09-16 02:30:00;300900080;89355784;1104012264;585717553;28576910;27754;-1;-1;0;0;90138883;600217271;hour
56.180.51.172;2015-09-16 03:30:00;73967486;52253620;755315004;301334201;23914413;30511;-1;-1;0;0;73129079;455582177;hour
56.180.51.172;2015-09-16 04:30:00;51212229;54329118;447302573;186442421;8229903;18372;-1;-1;0;0;41522158;227325798;hour
56.180.51.172;2015-09-16 05:30:00;40470140;44459644;424316703;168820348;9327958;21123;-1;-1;0;0;35654687;226790379;hour
56.180.51.172;2015-09-16 06:30:00;44953931;43148736;432590921;138587490;8935160;20264;-1;-1;0;0;34272530;239224780;hour
56.180.51.172;2015-09-16 07:30:00;39985968;47597399;516330830;142921428;8466656;19417;-1;-1;0;0;42205378;310303526;hour
56.180.51.172;2015-09-16 08:30:00;135812558;83572105;591127194;266736935;9865710;18274;-1;-1;0;0;38069131;293305180;hour
56.180.51.172;2015-09-16 09:30:00;132645626;624269662;1207313507;297751461;14888628;21890;-1;-1;0;0;46447860;418031461;hour
56.180.51.172;2015-09-16 10:30:00;69085145;585026083;1294940754;181270356;9851578;18809;-1;-1;0;0;45368196;542209939;hour
56.180.51.172;2015-09-16 11:30:00;35680780;42231488;490539735;157221432;8507228;20303;-1;-1;0;0;41092059;343262903;hour
56.180.51.172;2015-09-16 12:30:00;43548817;61459511;463158478;196145162;13537044;19503;-1;-1;0;0;36109884;262884795;hour
56.180.51.172;2015-09-16 13:30:00;31218292;37310098;382760209;142033609;13656615;16226;-1;-1;0;0;34537368;222278152;hour
56.180.51.172;2015-09-16 14:30:00;126218410;47273801;335568712;248673728;12576397;18073;-1;-1;0;0;35965815;208501784;hour
56.180.51.172;2015-09-16 15:30:00;62813408;43969208;378948846;194043615;6779902;18505;-1;-1;0;0;45098506;265162135;hour
56.180.51.172;2015-09-16 16:30:00;635221752;66072744;642666335;963042118;8463401;19298;-1;-1;0;0;58259840;432421589;hour
56.180.51.172;2015-09-16 17:30:00;3040314823;138382375;649237156;3236411356;9340344;18388;-1;-1;0;0;59745278;379046624;hour
56.180.51.172;2015-09-16 18:30:00;3087076907;191513047;1157228444;3387465798;19312968;25012;-1;-1;0;0;80219119;625273452;hour
56.180.51.172;2015-09-16 19:30:00;3946991626;236801143;1010878785;4253064036;18876349;25137;-1;-1;0;0;80240306;520485976;hour
56.182.40.11;2015-09-15 21:30:00;15633310;4043495;17017942;25804787;1819075;1569;-1;-1;0;0;3595759;8282825;hour
56.182.40.11;2015-09-15 22:30:00;43917595;13301990;31552585;61552231;1619661;1323;-1;-1;0;0;4039760;10776002;hour
56.182.40.11;2015-09-15 23:30:00;47164482;10960652;28000169;62379454;1854228;1437;-1;-1;0;0;4099964;10308283;hour
56.182.40.11;2015-09-16 00:30:00;5882469;4012696;21361808;18031524;1879759;1267;-1;-1;0;0;3817165;11037234;hour
56.182.40.11;2015-09-16 01:30:00;12035521;4015625;34954743;24527876;2108421;1392;-1;-1;0;0;4450592;18409623;hour
56.182.40.11;2015-09-16 02:30:00;118315144;17182004;81919748;143366383;4074074;2175;-1;-1;0;0;7545501;35452094;hour
56.182.40.11;2015-09-16 03:30:00;36408320;8844056;45093511;55313166;1712348;1623;-1;-1;0;0;5164386;23199629;hour
56.182.40.11;2015-09-16 04:30:00;106962699;8505459;151942613;372475789;2529677;1773;-1;-1;0;0;7295563;99487026;hour
56.182.40.11;2015-09-16 05:30:00;39610815;7916067;17179553;58407541;1496823;1103;-1;-1;0;0;3029674;5423453;hour
56.182.40.11;2015-09-16 06:30:00;5602028;3969758;28367647;19367143;1600052;1354;-1;-1;0;0;4113858;17149169;hour
56.182.40.11;2015-09-16 07:30:00;3295973;3941601;17608970;16252436;1498971;869;-1;-1;0;0;3184320;9668040;hour
56.182.40.11;2015-09-16 08:30:00;3614762;6513288;24321015;28988138;1500102;910;-1;-1;0;0;3501634;14384790;hour
56.182.40.11;2015-09-16 09:30:00;9467574;104121333;152481453;21260690;1594327;1047;-1;-1;0;0;4469288;44982110;hour
56.182.40.11;2015-09-16 10:30:00;7779432;118182109;156376451;16303993;1409854;1379;-1;-1;0;0;4721611;44537199;hour
56.182.40.11;2015-09-16 11:30:00;3070995;8152672;40013780;24720563;1348053;1259;-1;-1;0;0;3687479;29752753;hour
56.182.40.11;2015-09-16 12:30:00;4378012;13382782;44805381;17672253;1389156;1478;-1;-1;0;0;4282529;28724602;hour
56.182.40.11;2015-09-16 13:30:00;2643909;3534130;19662033;11697794;1410205;883;-1;-1;0;0;3545726;14395963;hour
56.182.40.11;2015-09-16 14:30:00;2822548;3733785;16813504;14118675;1495876;1196;-1;-1;0;0;3654182;10502750;hour
56.182.40.11;2015-09-16 15:30:00;2567470;3475584;12424489;12672319;1525909;997;-1;-1;0;0;3239396;6647946;hour
56.182.40.11;2015-09-16 16:30:00;4129918;4238175;28536360;18790851;1856710;1572;-1;-1;0;0;5393527;20298250;hour
56.182.40.11;2015-09-16 17:30:00;3403563;4044952;51264250;21044317;2174295;1486;-1;-1;0;0;9960210;32587471;hour
56.182.40.11;2015-09-16 18:30:00;9610809;4783985;21300165;20916069;1822815;1516;-1;-1;0;0;4147953;12343655;hour
56.182.40.11;2015-09-16 19:30:00;73142262;9281759;40253641;88367721;2352361;1164;-1;-1;0;0;5076980;19183609;hour
56.184.45.14;2015-09-15 21:30:00;8188925;5975804;279617205;19332867;780505;2710;-1;-1;0;0;7522099;266858927;hour
56.184.45.14;2015-09-15 22:30:00;13470273;5161563;26883461;22703482;785771;3167;-1;-1;0;0;3674426;14060302;hour
56.184.45.14;2015-09-15 23:30:00;106216929;7103642;96983527;112622566;628101;2358;-1;-1;0;0;3725597;82611087;hour
56.184.45.14;2015-09-16 00:30:00;17243288;5229409;22800515;22210838;644626;2401;-1;-1;0;0;2028994;11068747;hour
56.184.45.14;2015-09-16 01:30:00;7610268;4439019;74105043;17119453;703816;2712;-1;-1;0;0;4717071;58923528;hour
56.184.45.14;2015-09-16 02:30:00;8693615;4500420;33428957;16955685;729165;3450;-1;-1;0;0;3618989;20123929;hour
56.184.45.14;2015-09-16 03:30:00;43325468;6154676;32255612;49574875;669123;2429;-1;-1;0;0;2713828;16535322;hour
56.184.45.14;2015-09-16 04:30:00;8041780;5458994;61653716;18925637;694268;2388;-1;-1;0;0;5888484;47053927;hour
56.184.45.14;2015-09-16 05:30:00;54679256;6554185;35371487;65647756;893496;2770;-1;-1;0;0;4946835;20089813;hour
56.184.45.14;2015-09-16 06:30:00;6088729;5785153;30186190;13990545;712612;2254;-1;-1;0;0;4611458;17830686;hour
56.184.45.14;2015-09-16 07:30:00;2921945;2907161;14163402;6793228;338901;1786;-1;-1;0;0;1805799;8074625;hour
56.184.45.14;2015-09-16 08:30:00;1710115;2413017;9606525;5298113;212624;1047;-1;-1;0;0;1328292;5825648;hour
56.184.45.14;2015-09-16 09:30:00;1598759;2559561;8634239;4075225;248083;825;-1;-1;0;0;726938;2595428;hour
56.184.45.14;2015-09-16 10:30:00;1589899;2300493;14861982;4652516;210068;991;-1;-1;0;0;867801;10002717;hour
56.184.45.14;2015-09-16 11:30:00;1573523;2255962;13056263;4529554;175931;726;-1;-1;0;0;985377;9552111;hour
56.184.45.14;2015-09-16 12:30:00;4680305;2512831;13571269;7404334;183096;1026;-1;-1;0;0;1139732;9945917;hour
56.184.45.14;2015-09-16 13:30:00;1252033;2213361;10833979;3840997;160502;1029;-1;-1;0;0;1060672;7535030;hour
56.184.45.14;2015-09-16 14:30:00;1373730;2329948;7404636;4497734;567774;1209;-1;-1;0;0;1177219;3733577;hour
56.184.45.14;2015-09-16 15:30:00;1795590;2563332;7411913;6341238;810341;942;-1;-1;0;0;1391875;2998860;hour
56.184.45.14;2015-09-16 16:30:00;1540452;2541835;6576819;4628510;425816;918;-1;-1;0;0;1150964;2749979;hour
56.184.45.14;2015-09-16 17:30:00;2497496;3036505;26277354;8624175;857228;1163;-1;-1;0;0;2389966;20716569;hour
56.184.45.14;2015-09-16 18:30:00;3610019;3696230;11186097;8162535;705116;999;-1;-1;0;0;1499990;5063566;hour
56.184.45.14;2015-09-16 19:30:00;4106841;3294149;16495215;12950082;776670;1495;-1;-1;0;0;2717288;9952626;hour
56.198.170.9;2015-09-15 21:30:00;106946302;31971572;754019269;683491045;21677087;13605;-1;-1;0;0;45119947;387325109;hour
56.198.170.9;2015-09-15 22:30:00;87798783;20191122;722615297;393111451;42088524;22930;-1;-1;0;0;65621857;433060708;hour
56.198.170.9;2015-09-15 23:30:00;16292505;14529464;605470335;162945241;42903527;20714;-1;-1;0;0;63127404;338867128;hour
56.198.170.9;2015-09-16 00:30:00;21895530;13004120;653017961;109264800;12259402;11583;-1;-1;0;0;31353704;363358942;hour
56.198.170.9;2015-09-16 01:30:00;67988944;14777293;415156512;282993997;15860858;15931;-1;-1;0;0;34715957;235768646;hour
56.198.170.9;2015-09-16 02:30:00;12897248;14093694;419130440;121745994;18367424;16659;-1;-1;0;0;41027888;260570344;hour
56.198.170.9;2015-09-16 03:30:00;16094685;18197116;1042543459;220737991;12505910;12574;-1;-1;0;0;35518382;628625234;hour
56.198.170.9;2015-09-16 04:30:00;22759089;11832967;350802669;126365578;5222255;9173;-1;-1;0;0;21187994;208628820;hour
56.198.170.9;2015-09-16 05:30:00;11329961;10515076;52358520;85546575;2003157;6928;-1;-1;0;0;11576408;32818877;hour
56.198.170.9;2015-09-16 06:30:00;9013142;11015487;74854527;43151242;1415869;7245;-1;-1;0;0;14202505;56776979;hour
56.198.170.9;2015-09-16 07:30:00;9879077;10558022;119351183;45541381;2025897;7993;-1;-1;0;0;14954256;88790731;hour
56.198.170.9;2015-09-16 08:30:00;8751102;10397941;165111773;52234263;3364818;8340;-1;-1;0;0;18682658;116512571;hour
56.198.170.9;2015-09-16 09:30:00;11153511;10498712;243952097;74118945;6239890;10798;-1;-1;0;0;20400525;185018654;hour
56.198.170.9;2015-09-16 10:30:00;40298666;371816885;724402169;94838270;7328659;9188;-1;-1;0;0;26030150;321908525;hour
56.198.170.9;2015-09-16 11:30:00;11285414;10618100;252122994;99408331;5980494;7576;-1;-1;0;0;21549987;195761424;hour
56.198.170.9;2015-09-16 12:30:00;7084234;9078922;201071490;70552602;17340431;9554;-1;-1;0;0;28466456;135136393;hour
56.198.170.9;2015-09-16 13:30:00;16153082;10426975;150438619;56274075;5962371;8927;-1;-1;0;0;15994917;92262918;hour
56.198.170.9;2015-09-16 14:30:00;9776168;11003126;373482860;70216880;4595895;7505;-1;-1;0;0;19194986;261433622;hour
56.198.170.9;2015-09-16 15:30:00;129544442;14037878;228118609;172306970;3321103;7566;-1;-1;0;0;16745610;176688089;hour
56.198.170.9;2015-09-16 16:30:00;426977113;40279655;172783130;499662408;6205974;8600;-1;-1;0;0;26038476;112799177;hour
56.198.170.9;2015-09-16 17:30:00;22481473;15068827;223764827;245726383;65062839;12131;-1;-1;0;0;89935704;164566902;hour
56.198.170.9;2015-09-16 18:30:00;17871791;13964598;250297642;118860571;21007608;13370;-1;-1;0;0;42810570;171349141;hour
56.198.170.9;2015-09-16 19:30:00;83296643;20434930;278765275;162906900;8731921;14129;-1;-1;0;0;33713162;186061065;hour
56.240.16.10;2015-09-15 21:30:00;806413430;208686077;1577480864;1707499457;55211550;47581;-1;-1;0;0;166851165;961311715;hour
56.240.16.10;2015-09-15 22:30:00;2050134424;279747971;1995832205;2690770574;73555496;61274;-1;-1;0;0;170225297;1112048896;hour
56.240.16.10;2015-09-15 23:30:00;323514974;164905599;2525680979;1036938775;57249380;53276;-1;-1;0;0;167102204;1735932285;hour
56.240.16.10;2015-09-16 00:30:00;426452914;240103693;5121036368;1192333472;83052501;47275;-1;-1;0;0;213504822;3146353070;hour
56.240.16.10;2015-09-16 01:30:00;438843864;261781302;4750608146;1321087471;114330486;58673;-1;-1;0;0;243830271;3079595634;hour
56.240.16.10;2015-09-16 02:30:00;1834947866;297285489;4161171917;2773161594;103980247;81252;-1;-1;0;0;245708105;2447707503;hour
56.240.16.10;2015-09-16 03:30:00;627205078;187625899;4107377809;1321843689;99963093;62581;-1;-1;0;0;227441009;2405502055;hour
56.240.16.10;2015-09-16 04:30:00;702206336;163699408;1972960073;1270246438;64430952;64761;-1;-1;0;0;165422778;1142695588;hour
56.240.16.10;2015-09-16 05:30:00;285536931;157039594;2474464239;819524337;76854971;56508;-1;-1;0;0;195189323;1907450342;hour
56.240.16.10;2015-09-16 06:30:00;220363901;139721765;2275669016;579606303;45555043;48742;-1;-1;0;0;161562453;1700209954;hour
56.240.16.10;2015-09-16 07:30:00;245762342;135862675;1901637128;571985583;47737261;37796;-1;-1;0;0;114472751;1155227798;hour
56.240.16.10;2015-09-16 08:30:00;137667318;129999707;1138797919;450607458;39443820;38636;-1;-1;0;0;114052885;779660837;hour
56.240.16.10;2015-09-16 09:30:00;195594228;731714342;1721935176;494324748;39638394;35313;-1;-1;0;0;97775138;694678614;hour
56.240.16.10;2015-09-16 10:30:00;250849863;377943453;1765749097;628574669;50092707;38991;-1;-1;0;0;111445596;934232346;hour
56.240.16.10;2015-09-16 11:30:00;150691384;311012836;2026492926;461206182;42074980;33435;-1;-1;0;0;115195955;1174253532;hour
56.240.16.10;2015-09-16 12:30:00;227724045;159319978;1884719567;625714709;47228102;33620;-1;-1;0;0;119308919;1129078185;hour
56.240.16.10;2015-09-16 13:30:00;191558958;159643782;1077620320;571952901;35783140;27645;-1;-1;0;0;104432170;677757247;hour
56.240.16.10;2015-09-16 14:30:00;204493708;145434040;815785051;594554093;34426665;32039;-1;-1;0;0;85977278;450274760;hour
56.240.16.10;2015-09-16 15:30:00;153126516;128273848;562350686;597076876;29725691;31148;-1;-1;0;0;79094129;289199393;hour
56.240.16.10;2015-09-16 16:30:00;131281080;129013978;655621555;394739266;27244768;40140;-1;-1;0;0;91902748;414475457;hour
56.240.16.10;2015-09-16 17:30:00;107526240;123062289;674118785;340646302;29406870;31747;-1;-1;0;0;84233428;382777084;hour
56.240.16.10;2015-09-16 18:30:00;1805179117;387995678;1602236354;2227828314;42752957;35352;-1;-1;0;0;124052151;818333177;hour
56.240.16.10;2015-09-16 19:30:00;2196203741;252029290;1838054245;2845895446;42278709;42707;-1;-1;0;0;170802020;1191642448;hour
56.242.217.8;2015-09-15 21:30:00;2820161;1700801;33044264;9958907;958652;864;-1;-1;0;0;4310359;17245117;hour
56.242.217.8;2015-09-15 22:30:00;3630186;1439743;55191127;40088061;1433060;804;-1;-1;0;0;3017715;28938160;hour
56.242.217.8;2015-09-15 23:30:00;1585609;1008016;12639659;6991980;259859;644;-1;-1;0;0;2890096;10407209;hour
56.242.217.8;2015-09-16 00:30:00;1491636;1059113;34086853;8533682;1569660;1007;-1;-1;0;0;3020317;18696845;hour
56.242.217.8;2015-09-16 01:30:00;18747935;1472556;18694050;55504316;419265;663;-1;-1;0;0;3068806;8223224;hour
56.242.217.8;2015-09-16 02:30:00;1751878;1433584;15807628;7107315;598812;1064;-1;-1;0;0;3597558;10897842;hour
56.242.217.8;2015-09-16 03:30:00;1231466;1379453;170633378;14206571;4239140;817;-1;-1;0;0;6936840;87380192;hour
56.242.217.8;2015-09-16 04:30:00;1099095;1294996;4849420;4519913;91708;539;-1;-1;0;0;2019602;2797089;hour
56.242.217.8;2015-09-16 05:30:00;1875399;1362901;6455726;7715469;148535;508;-1;-1;0;0;1814804;3768448;hour
56.242.217.8;2015-09-16 06:30:00;753391;1023134;6317426;3585504;108583;556;-1;-1;0;0;1823720;4798453;hour
56.242.217.8;2015-09-16 07:30:00;662533;885068;5728844;2732959;116865;464;-1;-1;0;0;1311355;4337383;hour
56.242.217.8;2015-09-16 08:30:00;692567;943366;6608384;3605768;140251;567;-1;-1;0;0;1177297;3845190;hour
56.242.217.8;2015-09-16 09:30:00;576384;835834;5923713;2155164;136483;435;-1;-1;0;0;1069861;3588840;hour
56.242.217.8;2015-09-16 10:30:00;675708;916322;5017682;2632626;100700;562;-1;-1;0;0;955514;2596012;hour
56.242.217.8;2015-09-16 11:30:00;608399;858667;5336025;2320491;113435;420;-1;-1;0;0;1018725;3073802;hour
56.242.217.8;2015-09-16 12:30:00;634647;939635;3292676;2568519;102207;809;-1;-1;0;0;1095248;1887459;hour
56.242.217.8;2015-09-16 13:30:00;596092;876940;10527914;2295809;173402;399;-1;-1;0;0;995779;5872425;hour
56.242.217.8;2015-09-16 14:30:00;1439936;1074052;10075720;7322170;187201;669;-1;-1;0;0;1526917;6109602;hour
56.242.217.8;2015-09-16 15:30:00;962139;1095402;15537052;5292239;112714;593;-1;-1;0;0;1715904;13105566;hour
56.242.217.8;2015-09-16 16:30:00;962616;1109078;5599084;3931865;93761;639;-1;-1;0;0;2241439;3924002;hour
56.242.217.8;2015-09-16 17:30:00;18833525;3364551;16058768;23795992;150715;852;-1;-1;0;0;3058282;11820368;hour
56.242.217.8;2015-09-16 18:30:00;1134259;1098393;3765542;3715437;91212;548;-1;-1;0;0;1135983;2021369;hour
56.242.217.8;2015-09-16 19:30:00;1315997;1137971;4044255;4260399;87255;358;-1;-1;0;0;1280084;2236116;hour
56.252.36.7;2015-09-15 21:30:00;121912491;51870628;733438966;260515421;15883645;18744;-1;-1;0;0;47807831;483390839;hour
56.252.36.7;2015-09-15 22:30:00;184672463;93629781;503177398;334603061;15769123;13310;-1;-1;0;0;43741987;257102130;hour
56.252.36.7;2015-09-15 23:30:00;122813330;46916303;621538312;497557377;19727832;19406;-1;-1;0;0;53000890;363464079;hour
56.252.36.7;2015-09-16 00:30:00;284380197;58201296;621486297;484226767;17546285;13950;-1;-1;0;0;47512367;290891926;hour
56.252.36.7;2015-09-16 01:30:00;123581348;47343271;324246075;290666919;15882913;14256;-1;-1;0;0;47835810;185637598;hour
56.252.36.7;2015-09-16 02:30:00;511144989;84061287;592357488;859335815;21136919;17382;-1;-1;0;0;55600872;294871511;hour
56.252.36.7;2015-09-16 03:30:00;302480547;270849573;610755149;457809774;11667597;15585;-1;-1;0;0;47859736;263378809;hour
56.252.36.7;2015-09-16 04:30:00;76135845;38028970;323119278;426835590;12137378;13636;-1;-1;0;0;38567635;186479894;hour
56.252.36.7;2015-09-16 05:30:00;315250732;33198790;325863668;406154328;16092260;11666;-1;-1;0;0;34043775;170813228;hour
56.252.36.7;2015-09-16 06:30:00;203273097;29040770;268732171;267886223;7903088;7677;-1;-1;0;0;23538696;142626676;hour
56.252.36.7;2015-09-16 07:30:00;149749149;43500732;228474780;239878697;8433896;10399;-1;-1;0;0;28586728;127603882;hour
56.252.36.7;2015-09-16 08:30:00;142295202;36184957;428808003;233326183;12617617;8860;-1;-1;0;0;30433059;247109685;hour
56.252.36.7;2015-09-16 09:30:00;283002017;1402846830;1467211258;333981597;6352404;7130;-1;-1;0;0;23375034;118264421;hour
56.252.36.7;2015-09-16 10:30:00;62009033;70830711;447737079;145733758;13417976;10340;-1;-1;0;0;30385277;277298171;hour
56.252.36.7;2015-09-16 11:30:00;32891177;25612878;429994419;103794935;9751826;9345;-1;-1;0;0;27148173;322006650;hour
56.252.36.7;2015-09-16 12:30:00;81235882;42706493;385511295;203502594;9990353;11212;-1;-1;0;0;33008493;262174472;hour
56.252.36.7;2015-09-16 13:30:00;26583685;38878819;216587424;93840431;10197371;12253;-1;-1;0;0;22742569;111797306;hour
56.252.36.7;2015-09-16 14:30:00;24997894;26580156;171085950;91039579;9461033;8252;-1;-1;0;0;21160032;90181002;hour
56.252.36.7;2015-09-16 15:30:00;29240934;29245254;279055982;131408844;19790115;20399;-1;-1;0;0;36899340;166238182;hour
56.252.36.7;2015-09-16 16:30:00;81807184;41403381;311239390;191155456;20284258;16704;-1;-1;0;0;38806560;188100957;hour
56.252.36.7;2015-09-16 17:30:00;129956635;34535798;265754232;216139417;7022539;9806;-1;-1;0;0;31103405;177786253;hour
56.252.36.7;2015-09-16 18:30:00;40247779;31909843;471368884;174254643;15242441;15085;-1;-1;0;0;45562302;283119406;hour
56.252.36.7;2015-09-16 19:30:00;55642537;35622906;293719534;182736357;7249630;10868;-1;-1;0;0;37566268;204300884;hour
